<?xml version="1.0" encoding="utf-8" ?>
<dwsync>
<file name="Afficher-Facture.php" server="C:/wamp/www/BucWebsite/" local="131269830947754495" remote="131269830940000000" />
<file name="ajouter-une-reparation.php" server="C:/wamp/www/BucWebsite/" local="131269830949775840" remote="131269830940000000" />
<file name="Reparation.php" server="C:/wamp/www/BucWebsite/" local="131269830956850524" remote="131269830950000000" />
<file name="ajouter-une-piece-vendue.php" server="C:/wamp/www/BucWebsite/" local="131269830948555048" remote="131269830940000000" />
<file name="ajouterDepensebuc.php" server="C:/wamp/www/BucWebsite/" local="131269830950736472" remote="131269830950000000" />
<file name="depensebuc.php" server="C:/wamp/www/BucWebsite/" local="131269830953027985" remote="131269830950000000" />
<file name="piecevendue.php" server="C:/wamp/www/BucWebsite/" local="131269830955299494" remote="131269830950000000" />
<file name="favicon.ico" server="C:/wamp/www/BucWebsite/" local="131261368562431232" remote="131261368560000000" />
<file name="First.gif" server="C:/wamp/www/BucWebsite/" local="131261368577324405" remote="131261368570000000" />
<file name="Last.gif" server="C:/wamp/www/BucWebsite/" local="131261368576324027" remote="131261368570000000" />
<file name="Next.gif" server="C:/wamp/www/BucWebsite/" local="131261368574642205" remote="131261368570000000" />
<file name="Previous.gif" server="C:/wamp/www/BucWebsite/" local="131261368573790779" remote="131261368570000000" />
</dwsync>