<?xml version="1.0" encoding="utf-8" ?>
<dwsync>
<file name="Article vente.php" server="C:/wamp/www/BucWebsite/" local="131269830962258119" remote="131269830960000000" />
<file name="Commandes.php" server="C:/wamp/www/BucWebsite/" local="131269830964409543" remote="131269830960000000" />
<file name="Commande Reussie.php" server="C:/wamp/www/BucWebsite/" local="131269830962988588" remote="131269830960000000" />
<file name="Nompiece.php" server="C:/wamp/www/BucWebsite/" local="131261368890155431" remote="131261368890000000" />
<file name="Apercucommandes.php" server="C:/wamp/www/BucWebsite/" local="131269830960893209" remote="131269830960000000" />
<file name="favicon.ico" server="C:/wamp/www/BucWebsite/" local="131261368884369662" remote="131261368880000000" />
<file name="contact.php" server="C:/wamp/www/BucWebsite/" local="131269830965039986" remote="131269830960000000" />
<file name="sendemail.php" server="C:/wamp/www/BucWebsite/" local="131261368879614762" remote="131261368870000000" />
<file name="about.php" server="C:/wamp/www/BucWebsite/" local="131269830959192077" remote="131269830950000000" />
<file name="index.php" server="C:/wamp/www/BucWebsite/" local="131269831715350292" remote="131269831710000000" />
<file name="Mescommandes.php" server="C:/wamp/www/BucWebsite/" local="131269830967295038" remote="131269830960000000" />
</dwsync>