<?xml version="1.0" encoding="utf-8" ?>
<dwsync>
<file name="Article vente.php" server="C:/wamp/www/BucWebsite/" local="131267183989109200" remote="131267183980000000" />
<file name="Commandes.php" server="C:/wamp/www/BucWebsite/" local="131267183991070491" remote="131267183990000000" />
<file name="Commande Reussie.php" server="C:/wamp/www/BucWebsite/" local="131267183989799736" remote="131267183980000000" />
<file name="Nompiece.php" server="C:/wamp/www/BucWebsite/" local="131261368890155431" remote="131261368890000000" />
<file name="Apercucommandes.php" server="C:/wamp/www/BucWebsite/" local="131267183987814022" remote="131267183980000000" />
<file name="favicon.ico" server="C:/wamp/www/BucWebsite/" local="131261368884369662" remote="131261368880000000" />
<file name="contact.php" server="C:/wamp/www/BucWebsite/" local="131267183992011124" remote="131267183990000000" />
<file name="sendemail.php" server="C:/wamp/www/BucWebsite/" local="131261368879614762" remote="131261368870000000" />
<file name="about.php" server="C:/wamp/www/BucWebsite/" local="131267183984882071" remote="131267183980000000" />
<file name="index.php" server="C:/wamp/www/BucWebsite/" local="131267183992801637" remote="131267183990000000" />
<file name="Mescommandes.php" server="C:/wamp/www/BucWebsite/" local="131267183994322677" remote="131267183990000000" />
</dwsync>