<?xml version="1.0" encoding="utf-8" ?>
<dwsync>
<file name="banner.jpg" server="C:/wamp/www/BucWebsite/" local="131261368846148686" remote="131261368840000000" />
<file name="bg.jpg" server="C:/wamp/www/BucWebsite/" local="131261368840835327" remote="131261368840000000" />
<file name="bg3.jpg" server="C:/wamp/www/BucWebsite/" local="131261368838363203" remote="131261368830000000" />
<file name="icon1.png" server="C:/wamp/www/BucWebsite/" local="131261368827513213" remote="131261368820000000" />
<file name="image4.jpg" server="C:/wamp/www/BucWebsite/" local="131261368824974909" remote="131261368820000000" />
<file name="image5.jpg" server="C:/wamp/www/BucWebsite/" local="131261368814075888" remote="131261368810000000" />
<file name="image6.jpg" server="C:/wamp/www/BucWebsite/" local="131261368810607723" remote="131261368810000000" />
<file name="img6.jpg" server="C:/wamp/www/BucWebsite/" local="131261368803292172" remote="131261368800000000" />
<file name="img7.jpg" server="C:/wamp/www/BucWebsite/" local="131261368800911114" remote="131261368800000000" />
<file name="img8.jpg" server="C:/wamp/www/BucWebsite/" local="131261368801754888" remote="131261368800000000" />
<file name="page-bg.jpg" server="C:/wamp/www/BucWebsite/" local="131261368787332374" remote="131261368780000000" />
<file name="search-bg.jpg" server="C:/wamp/www/BucWebsite/" local="131261368757284659" remote="131261368750000000" />
<file name="search-btn.jpg" server="C:/wamp/www/BucWebsite/" local="131261368755773243" remote="131261368750000000" />
<file name="BUC MOTOR .png" server="C:/wamp/www/BucWebsite/" local="131261368869713812" remote="131261368860000000" />
<file name="image1.png" server="C:/wamp/www/BucWebsite/" local="131261368825505122" remote="131261368820000000" />
<file name="image2.png" server="C:/wamp/www/BucWebsite/" local="131261368822496194" remote="131261368820000000" />
<file name="image3.png" server="C:/wamp/www/BucWebsite/" local="131261368817647684" remote="131261368810000000" />
<file name="team1.jpg" server="C:/wamp/www/BucWebsite/" local="131261368752923980" remote="131261368750000000" />
<file name="team2.jpg" server="C:/wamp/www/BucWebsite/" local="131261368755081678" remote="131261368750000000" />
<file name="team3.jpg" server="C:/wamp/www/BucWebsite/" local="131261368750296796" remote="131261368750000000" />
<file name="banner (1).jpg" server="C:/wamp/www/BucWebsite/" local="131261368849375976" remote="131261368840000000" />
<file name="First.gif" server="C:/wamp/www/BucWebsite/" local="131261368865400879" remote="131261368860000000" />
<file name="Previous.gif" server="C:/wamp/www/BucWebsite/" local="131261368857710937" remote="131261368850000000" />
<file name="Next.gif" server="C:/wamp/www/BucWebsite/" local="131261368860870436" remote="131261368860000000" />
<file name="Last.gif" server="C:/wamp/www/BucWebsite/" local="131261368863399097" remote="131261368860000000" />
<file name="abel.jpg" server="C:/wamp/www/BucWebsite/" local="131261368849690157" remote="131261368840000000" />
<file name="banner (2).jpg" server="C:/wamp/www/BucWebsite/" local="131261368847531183" remote="131261368840000000" />
<file name="bx_loader.gif" server="C:/wamp/www/BucWebsite/" local="131261368836357084" remote="131261368830000000" />
<file name="clef-reparation.jpg" server="C:/wamp/www/BucWebsite/" local="131261368839868818" remote="131261368830000000" />
<file name="close-w.png" server="C:/wamp/www/BucWebsite/" local="131261368833980346" remote="131261368830000000" />
<file name="close.png" server="C:/wamp/www/BucWebsite/" local="131261368832137373" remote="131261368830000000" />
<file name="controls.png" server="C:/wamp/www/BucWebsite/" local="131261368831824789" remote="131261368830000000" />
<file name="controls_fnc.png" server="C:/wamp/www/BucWebsite/" local="131261368829824900" remote="131261368820000000" />
<file name="David.jpg" server="C:/wamp/www/BucWebsite/" local="131261368875732592" remote="131261368870000000" />
<file name="frein.jpg" server="C:/wamp/www/BucWebsite/" local="131261368829512420" remote="131261368820000000" />
<file name="loading.gif" server="C:/wamp/www/BucWebsite/" local="131261368796593830" remote="131261368790000000" />
<file name="moteur.jpg" server="C:/wamp/www/BucWebsite/" local="131261368794232161" remote="131261368790000000" />
<file name="moto.jpg" server="C:/wamp/www/BucWebsite/" local="131261368798442323" remote="131261368790000000" />
<file name="next.png" server="C:/wamp/www/BucWebsite/" local="131261368789649108" remote="131261368780000000" />
<file name="ose.png" server="C:/wamp/www/BucWebsite/" local="131261368788019906" remote="131261368780000000" />
<file name="pedale.jpg" server="C:/wamp/www/BucWebsite/" local="131261368785489437" remote="131261368780000000" />
<file name="phare arriere.jpg" server="C:/wamp/www/BucWebsite/" local="131261368776476771" remote="131261368770000000" />
<file name="phare avant.jpg" server="C:/wamp/www/BucWebsite/" local="131261368771304554" remote="131261368770000000" />
<file name="piece disponible.jpg" server="C:/wamp/www/BucWebsite/" local="131261368762416096" remote="131261368760000000" />
<file name="pieces-de-moto-usagé-a-vendre.jpg" server="C:/wamp/www/BucWebsite/" local="131261368784637997" remote="131261368780000000" />
<file name="Piston.jpg" server="C:/wamp/www/BucWebsite/" local="131261368862870361" remote="131261368860000000" />
<file name="prev.png" server="C:/wamp/www/BucWebsite/" local="131261368758310070" remote="131261368750000000" />
<file name="Rebecca.jpg" server="C:/wamp/www/BucWebsite/" local="131261368855388969" remote="131261368850000000" />
<file name="Thumbs.db" server="C:/wamp/www/BucWebsite/" local="131261368854708845" remote="131261368850000000" />
<file name="title-des.png" server="C:/wamp/www/BucWebsite/" local="131261368740449004" remote="131261368740000000" />
</dwsync>