<?xml version="1.0" encoding="utf-8" ?>
<dwsync>
<file name="about.php" server="C:/wamp/www/BucWebsite/" local="131269830928741888" remote="131269830920000000" />
<file name="contact.php" server="C:/wamp/www/BucWebsite/" local="131269830937327590" remote="131269830930000000" />
<file name="index.php" server="C:/wamp/www/BucWebsite/" local="131269831711964484" remote="131269831710000000" />
<file name="favicon.ico" server="C:/wamp/www/BucWebsite/" local="131261368536650792" remote="131261368530000000" />
<file name="sendemail.php" server="C:/wamp/www/BucWebsite/" local="131261368523452176" remote="131261368520000000" />
<file name="delete.php" server="C:/wamp/www/BucWebsite/" local="131261368538447866" remote="131261368530000000" />
<file name="afficher-un-utilisateur.php" server="C:/wamp/www/BucWebsite/" local="131269830929812609" remote="131269830920000000" />
<file name="ajouter-un-stock.php" server="C:/wamp/www/BucWebsite/" local="131269830931243547" remote="131269830930000000" />
<file name="articles-de-ventes.php" server="C:/wamp/www/BucWebsite/" local="131269830932954692" remote="131269830930000000" />
<file name="commande-des-clients-afficher.php" server="C:/wamp/www/BucWebsite/" local="131269830934936002" remote="131269830930000000" />
<file name="commande-des-clients.php" server="C:/wamp/www/BucWebsite/" local="131269830936667147" remote="131269830930000000" />
<file name="delete-un-stock.php" server="C:/wamp/www/BucWebsite/" local="131261368540753801" remote="131261368540000000" />
<file name="delete-une-commande.php" server="C:/wamp/www/BucWebsite/" local="131261368539969567" remote="131261368530000000" />
<file name="modifier-commande-client.php" server="C:/wamp/www/BucWebsite/" local="131269830939679133" remote="131269830930000000" />
<file name="modifier-un-stock.php" server="C:/wamp/www/BucWebsite/" local="131269830941140107" remote="131269830940000000" />
<file name="modifier-un-utilisateur.php" server="C:/wamp/www/BucWebsite/" local="131269830943381611" remote="131269830940000000" />
<file name="nouvel-utilisateur.php" server="C:/wamp/www/BucWebsite/" local="131269830944822553" remote="131269830940000000" />
<file name="page-utilisateur.php" server="C:/wamp/www/BucWebsite/" local="131269830946363584" remote="131269830940000000" />
</dwsync>