<?xml version="1.0" encoding="utf-8" ?>
<dwsync>
<file name="banner.jpg" server="C:/wamp/www/BucWebsite/" local="131261368677426729" remote="131261368670000000" />
<file name="bg.jpg" server="C:/wamp/www/BucWebsite/" local="131261368675060567" remote="131261368670000000" />
<file name="bg3.jpg" server="C:/wamp/www/BucWebsite/" local="131261368673261561" remote="131261368670000000" />
<file name="icon1.png" server="C:/wamp/www/BucWebsite/" local="131261368670575773" remote="131261368670000000" />
<file name="image4.jpg" server="C:/wamp/www/BucWebsite/" local="131261368666885374" remote="131261368660000000" />
<file name="image5.jpg" server="C:/wamp/www/BucWebsite/" local="131261368662253780" remote="131261368660000000" />
<file name="image6.jpg" server="C:/wamp/www/BucWebsite/" local="131261368660871587" remote="131261368660000000" />
<file name="img6.jpg" server="C:/wamp/www/BucWebsite/" local="131261368652713079" remote="131261368650000000" />
<file name="img7.jpg" server="C:/wamp/www/BucWebsite/" local="131261368650400847" remote="131261368650000000" />
<file name="img8.jpg" server="C:/wamp/www/BucWebsite/" local="131261368649087748" remote="131261368640000000" />
<file name="page-bg.jpg" server="C:/wamp/www/BucWebsite/" local="131261368647404418" remote="131261368640000000" />
<file name="search-bg.jpg" server="C:/wamp/www/BucWebsite/" local="131261368645246251" remote="131261368640000000" />
<file name="search-btn.jpg" server="C:/wamp/www/BucWebsite/" local="131261368641079280" remote="131261368640000000" />
<file name="BUC MOTOR .png" server="C:/wamp/www/BucWebsite/" local="131261368688743778" remote="131261368680000000" />
<file name="image1.png" server="C:/wamp/www/BucWebsite/" local="131261368670419303" remote="131261368670000000" />
<file name="image2.png" server="C:/wamp/www/BucWebsite/" local="131261368667889982" remote="131261368660000000" />
<file name="image3.png" server="C:/wamp/www/BucWebsite/" local="131261368664878390" remote="131261368660000000" />
<file name="team1.jpg" server="C:/wamp/www/BucWebsite/" local="131261368632391821" remote="131261368630000000" />
<file name="team2.jpg" server="C:/wamp/www/BucWebsite/" local="131261368633392136" remote="131261368630000000" />
<file name="team3.jpg" server="C:/wamp/www/BucWebsite/" local="131261368616022051" remote="131261368610000000" />
<file name="banner (1).jpg" server="C:/wamp/www/BucWebsite/" local="131261368678581810" remote="131261368670000000" />
<file name="favicon.ico" server="C:/wamp/www/BucWebsite/" local="131261368672732160" remote="131261368670000000" />
<file name="First.gif" server="C:/wamp/www/BucWebsite/" local="131261368686431903" remote="131261368680000000" />
<file name="Last.gif" server="C:/wamp/www/BucWebsite/" local="131261368686431903" remote="131261368680000000" />
<file name="Next.gif" server="C:/wamp/www/BucWebsite/" local="131261368684119877" remote="131261368680000000" />
<file name="Previous.gif" server="C:/wamp/www/BucWebsite/" local="131261368680896179" remote="131261368680000000" />
<file name="Thumbs.db" server="C:/wamp/www/BucWebsite/" local="131261368683898619" remote="131261368680000000" />
</dwsync>