<?xml version="1.0" encoding="utf-8" ?>
<dwsync>
<file name="Afficher-Facture.php" server="C:/wamp/www/BucWebsite/" local="131267183974340490" remote="131267183970000000" />
<file name="ajouter-une-reparation.php" server="C:/wamp/www/BucWebsite/" local="131267183975978615" remote="131267183970000000" />
<file name="Reparation.php" server="C:/wamp/www/BucWebsite/" local="131267183983080877" remote="131267183980000000" />
<file name="ajouter-une-piece-vendue.php" server="C:/wamp/www/BucWebsite/" local="131267183975070977" remote="131267183970000000" />
<file name="ajouterDepensebuc.php" server="C:/wamp/www/BucWebsite/" local="131267183976669401" remote="131267183970000000" />
<file name="depensebuc.php" server="C:/wamp/www/BucWebsite/" local="131267183978457834" remote="131267183970000000" />
<file name="piecevendue.php" server="C:/wamp/www/BucWebsite/" local="131267183980168957" remote="131267183980000000" />
<file name="favicon.ico" server="C:/wamp/www/BucWebsite/" local="131261368562431232" remote="131261368560000000" />
<file name="First.gif" server="C:/wamp/www/BucWebsite/" local="131261368577324405" remote="131261368570000000" />
<file name="Last.gif" server="C:/wamp/www/BucWebsite/" local="131261368576324027" remote="131261368570000000" />
<file name="Next.gif" server="C:/wamp/www/BucWebsite/" local="131261368574642205" remote="131261368570000000" />
<file name="Previous.gif" server="C:/wamp/www/BucWebsite/" local="131261368573790779" remote="131261368570000000" />
</dwsync>