<?xml version="1.0" encoding="utf-8" ?>
<dwsync>
<file name="banner.jpg" server="C:/wamp/www/BucWebsite/" local="131261369042741910" remote="131261369040000000" />
<file name="bg.jpg" server="C:/wamp/www/BucWebsite/" local="131261369036584357" remote="131261369030000000" />
<file name="bg3.jpg" server="C:/wamp/www/BucWebsite/" local="131261369033896276" remote="131261369030000000" />
<file name="icon1.png" server="C:/wamp/www/BucWebsite/" local="131261369020227818" remote="131261369020000000" />
<file name="image4.jpg" server="C:/wamp/www/BucWebsite/" local="131261369018753608" remote="131261369010000000" />
<file name="image5.jpg" server="C:/wamp/www/BucWebsite/" local="131261369006909756" remote="131261369000000000" />
<file name="image6.jpg" server="C:/wamp/www/BucWebsite/" local="131261369004384651" remote="131261369000000000" />
<file name="page-bg.jpg" server="C:/wamp/www/BucWebsite/" local="131261368978514827" remote="131261368970000000" />
<file name="search-bg.jpg" server="C:/wamp/www/BucWebsite/" local="131261368951186232" remote="131261368950000000" />
<file name="search-btn.jpg" server="C:/wamp/www/BucWebsite/" local="131261368951186232" remote="131261368950000000" />
<file name="BUC MOTOR .png" server="C:/wamp/www/BucWebsite/" local="131261369063077848" remote="131261369060000000" />
<file name="image1.png" server="C:/wamp/www/BucWebsite/" local="131261369017120951" remote="131261369010000000" />
<file name="image2.png" server="C:/wamp/www/BucWebsite/" local="131261369012388706" remote="131261369010000000" />
<file name="image3.png" server="C:/wamp/www/BucWebsite/" local="131261369009542134" remote="131261369000000000" />
<file name="team1.jpg" server="C:/wamp/www/BucWebsite/" local="131261368948869712" remote="131261368940000000" />
<file name="banner (1).jpg" server="C:/wamp/www/BucWebsite/" local="131261369046055773" remote="131261369040000000" />
<file name="banner (2).jpg" server="C:/wamp/www/BucWebsite/" local="131261369043583403" remote="131261369040000000" />
<file name="piece disponible.jpg" server="C:/wamp/www/BucWebsite/" local="131261368956823875" remote="131261368950000000" />
<file name="bx_loader.gif" server="C:/wamp/www/BucWebsite/" local="131261369031206995" remote="131261369030000000" />
<file name="close-w.png" server="C:/wamp/www/BucWebsite/" local="131261369028360043" remote="131261369020000000" />
<file name="close.png" server="C:/wamp/www/BucWebsite/" local="131261369026576968" remote="131261369020000000" />
<file name="controls.png" server="C:/wamp/www/BucWebsite/" local="131261369025204221" remote="131261369020000000" />
<file name="controls_fnc.png" server="C:/wamp/www/BucWebsite/" local="131261369022581205" remote="131261369020000000" />
<file name="David.jpg" server="C:/wamp/www/BucWebsite/" local="131261369064611299" remote="131261369060000000" />
<file name="frein.jpg" server="C:/wamp/www/BucWebsite/" local="131261369024204178" remote="131261369020000000" />
<file name="loading.gif" server="C:/wamp/www/BucWebsite/" local="131261368994377837" remote="131261368990000000" />
<file name="moteur.jpg" server="C:/wamp/www/BucWebsite/" local="131261368988216411" remote="131261368980000000" />
<file name="moto.jpg" server="C:/wamp/www/BucWebsite/" local="131261368995224484" remote="131261368990000000" />
<file name="next.png" server="C:/wamp/www/BucWebsite/" local="131261368980892560" remote="131261368980000000" />
<file name="pedale.jpg" server="C:/wamp/www/BucWebsite/" local="131261368975044101" remote="131261368970000000" />
<file name="phare arriere.jpg" server="C:/wamp/www/BucWebsite/" local="131261368963197040" remote="131261368960000000" />
<file name="phare avant.jpg" server="C:/wamp/www/BucWebsite/" local="131261368960198898" remote="131261368960000000" />
<file name="Piston.jpg" server="C:/wamp/www/BucWebsite/" local="131261369060074976" remote="131261369060000000" />
<file name="prev.png" server="C:/wamp/www/BucWebsite/" local="131261368953499664" remote="131261368950000000" />
<file name="Rebecca.jpg" server="C:/wamp/www/BucWebsite/" local="131261369051587922" remote="131261369050000000" />
<file name="title-des.png" server="C:/wamp/www/BucWebsite/" local="131261368948869712" remote="131261368940000000" />
<file name="abel.jpg" server="C:/wamp/www/BucWebsite/" local="131261369046055773" remote="131261369040000000" />
<file name="ose.png" server="C:/wamp/www/BucWebsite/" local="131261368980892560" remote="131261368980000000" />
<file name="pieces-de-moto-usagé-a-vendre.jpg" server="C:/wamp/www/BucWebsite/" local="131261368978202168" remote="131261368970000000" />
<file name="clef-reparation.jpg" server="C:/wamp/www/BucWebsite/" local="131261369036211747" remote="131261369030000000" />
<file name="Thumbs.db" server="C:/wamp/www/BucWebsite/" local="131261369051587922" remote="131261369050000000" />
</dwsync>