<?xml version="1.0" encoding="utf-8" ?>
<dwsync>
<file name="about.php" server="C:/wamp/www/BucWebsite/" local="131267183951489311" remote="131267183950000000" />
<file name="contact.php" server="C:/wamp/www/BucWebsite/" local="131267183965244318" remote="131267183960000000" />
<file name="index.php" server="C:/wamp/www/BucWebsite/" local="131267183966124906" remote="131267183960000000" />
<file name="favicon.ico" server="C:/wamp/www/BucWebsite/" local="131261368536650792" remote="131261368530000000" />
<file name="sendemail.php" server="C:/wamp/www/BucWebsite/" local="131261368523452176" remote="131261368520000000" />
<file name="delete.php" server="C:/wamp/www/BucWebsite/" local="131261368538447866" remote="131261368530000000" />
<file name="afficher-un-utilisateur.php" server="C:/wamp/www/BucWebsite/" local="131267183952670072" remote="131267183950000000" />
<file name="ajouter-un-stock.php" server="C:/wamp/www/BucWebsite/" local="131267183953600700" remote="131267183950000000" />
<file name="articles-de-ventes.php" server="C:/wamp/www/BucWebsite/" local="131267183957673398" remote="131267183950000000" />
<file name="commande-des-clients-afficher.php" server="C:/wamp/www/BucWebsite/" local="131267183961976242" remote="131267183960000000" />
<file name="commande-des-clients.php" server="C:/wamp/www/BucWebsite/" local="131267183964537941" remote="131267183960000000" />
<file name="delete-un-stock.php" server="C:/wamp/www/BucWebsite/" local="131261368540753801" remote="131261368540000000" />
<file name="delete-une-commande.php" server="C:/wamp/www/BucWebsite/" local="131261368539969567" remote="131261368530000000" />
<file name="modifier-commande-client.php" server="C:/wamp/www/BucWebsite/" local="131267183967365729" remote="131267183960000000" />
<file name="modifier-un-stock.php" server="C:/wamp/www/BucWebsite/" local="131267183968839215" remote="131267183960000000" />
<file name="modifier-un-utilisateur.php" server="C:/wamp/www/BucWebsite/" local="131267183970310197" remote="131267183970000000" />
<file name="nouvel-utilisateur.php" server="C:/wamp/www/BucWebsite/" local="131267183971479074" remote="131267183970000000" />
<file name="page-utilisateur.php" server="C:/wamp/www/BucWebsite/" local="131267183973036857" remote="131267183970000000" />
</dwsync>